rms,mean,kurtosis,SD,skewness,rms2,mean2,kurtosis2,SD2,skewness2,Class
124.964160837321,102.058091286307,1.21399924706345,72.2624033967524,0.871831208463588,11.1787369965181,48.5186721991701,3.64457711695005,42.3162776981813,1.42421333453937,0
125.07116646333,102.315352697095,1.23692075354927,72.0827658897228,0.873496390316261,11.1835220956249,48.5186721991701,3.64457711695005,42.3162776981813,1.42421333453937,0
125.2557383915,102.668049792531,1.25651244826346,71.9007836067464,0.871005859420606,11.1917710122885,48.2116182572614,3.64070634747318,42.3990078239299,1.43050119261497,0
125.254413294672,102.634854771784,1.25208015635668,71.946040753352,0.868182030218902,11.1917118125277,48.4066390041494,3.54958759073274,42.5152006825007,1.41132405428492,0
125.486356733077,103.033195020747,1.26647784738213,71.7799802184841,0.862890885102737,11.2020693058505,48.1784232365145,3.52642848456168,42.610998570441,1.41282772151383,0
125.756944653688,103.564315352697,1.29270580903132,71.4873897129193,0.863872560127702,11.2141403885313,48.0539419087137,3.51856401560198,42.652388500684,1.41615568215151,0
126.035380002792,104.095435684647,1.31789682200063,71.2045997162184,0.864112478400287,11.226548000289,47.9336099585062,3.51365258024853,42.687768435434,1.42004847121733,0
126.573367765047,104.834024896266,1.30191017614399,71.0746485803204,0.854924564807725,11.2504830014114,47.7634854771784,3.50770911759016,42.7371578504486,1.42515918873843,0
126.833327426422,105.356846473029,1.33233879144818,70.7630232773245,0.857745495477643,11.2620303421018,47.4439834024896,3.59820953351227,42.6477575502674,1.44880636184741,0
126.166277033845,104.676348547718,1.39638455108698,70.5794692523589,0.878314462883684,11.232376286158,47.643153526971,3.63321600735774,42.5372048526992,1.45184916697646,0
126.077842647465,104.560165975104,1.39868764149624,70.5937136481642,0.882590364238804,11.2284390120562,47.5767634854772,3.60895394402787,42.599238543445,1.44607124492183,0
125.979481962416,104.45643153527,1.40932735286123,70.5715887276625,0.887594394234619,11.2240581770773,47.6141078838174,3.61397552346004,42.5824255627246,1.44568954255194,0
125.892893949134,104.381742738589,1.42325496583903,70.5273847425018,0.891321423159835,11.2202002633257,47.6348547717842,3.60729956333407,42.5887244085762,1.44372002560579,0
125.899419777912,104.45643153527,1.43439708907232,70.4279712582035,0.897558784222831,11.2204910667008,47.1203319502075,3.77013656283215,41.6239869933514,1.42374895902132,0
126.407839585659,105.016597510373,1.39074166565785,70.5059079560583,0.878514840966277,11.2431241025642,46.8547717842324,3.76904728140165,41.6879237615867,1.43144854065025,0
126.506014814444,105.298755186722,1.4243488465253,70.2597113580084,0.885799056190332,11.2474892671407,46.8547717842324,3.76904728140165,41.6879237615867,1.43144854065025,0
126.591855683181,105.390041493776,1.41532920663065,70.2775253340754,0.881401759180408,11.2513046213842,46.6680497925311,3.78851707967687,41.698093680617,1.44250826022341,0
126.300011662937,104.887966804979,1.39600690662225,70.5041362587962,0.884664051913089,11.2383277965602,46.7095435684647,3.77243825239619,41.7143894063044,1.438302697857,0
126.450899069634,105.265560165975,1.43359746247287,70.2100124670435,0.891676011495296,11.2450388647454,46.4522821576764,3.76236879636463,41.7922292041641,1.44366002341198,0
125.617545091658,104.331950207469,1.49236532381925,70.1071038953793,0.900710681060987,11.2079233175311,46.5850622406639,3.70445975527987,41.8575215375558,1.43015242370722,0
124.819454675784,103.705394190871,1.6035215245173,69.6074134877035,0.919584156160805,11.1722627375024,46.5850622406639,3.70445975527987,41.8575215375558,1.43015242370722,0
125.123109500685,104.082987551867,1.58809293585039,69.5889221383021,0.906374148349982,11.1858441568209,46.298755186722,3.69725492177945,41.9394647888754,1.43594922931079,0
125.171848677108,104.141078838174,1.58486861209777,69.5896664778466,0.9038444824071,11.1880225543707,46.3319502074689,3.70726269611035,41.9145680712269,1.43746906081798,0
125.443115011285,104.406639004149,1.5490301791493,69.6805254171253,0.89101387597686,11.2001390621405,46.3983402489627,3.72948596404293,41.8598733542488,1.44162203906864,0
125.333463920947,104.211618257261,1.53619609826045,69.7754794402757,0.893472214149616,11.1952429147807,46.448132780083,3.70115079109207,41.8963801966506,1.4362225605891,0
125.363852189077,104.236514522822,1.53087174913961,69.7929532818381,0.892255796430935,11.1966000280923,46.6514522821577,3.73584765520684,41.788790462261,1.43845197173791,0
125.518063370836,104.410788381743,1.51773793559753,69.8096916609186,0.884407350777083,11.2034844298921,46.9253112033195,3.72038930373062,41.7506814116878,1.42716150312563,0
125.410115602513,104.278008298755,1.52335521523797,69.8141692114378,0.889847434337621,11.1986657956434,46.9751037344398,3.74056412654037,41.7016112109995,1.43211232515483,0
126.190727016934,104.871369294606,1.41465307630136,70.3322179744145,0.873036918640876,11.2334646043388,47.0290456431535,3.75851622821749,41.6580722809967,1.43527042997224,0
126.922526766646,105.46887966805,1.31760134748108,70.7560367447397,0.85364968142462,11.2659898263156,47.0414937759336,3.76211986117078,41.6492089291742,1.43574236276763,0
127.193990437125,105.98755186722,1.34547553196646,70.4666872434415,0.854702521115929,11.2780313192119,46.5850622406639,3.89537172823385,41.5038404961952,1.4612739145546,0
127.531771324229,106.585062240664,1.36736606240007,70.1741436898255,0.854887777123232,11.292996560888,46.2863070539419,4.007784787447,41.3839363367236,1.48678924763578,0
126.531153397426,105.767634854772,1.47161900832387,69.5948090602509,0.870535388731396,11.2486067313879,46.5933609958506,3.95247188029414,41.4030066026608,1.46849633040018,0
126.228962751598,105.551867219917,1.52474833434708,69.3723528521915,0.8779481134023,11.235166342854,46.5352697095436,3.9387959115058,41.4376011918055,1.4675049183214,0
124.617106516379,104.54356846473,1.52985536569148,67.9649355835762,0.84311590338602,11.1632032372603,46.8423236514523,3.75618032801255,41.7143065136109,1.44011717099319,0
124.513176492819,104.435684647303,1.54171037863488,67.9402081831282,0.848503902106101,11.1585472393506,46.9709543568465,3.78728223904363,41.6324591254878,1.44350418933358,0
124.78906684209,104.900414937759,1.56403564164929,67.7292283643266,0.844733062849253,11.170902686985,46.7053941908714,3.80212276939243,41.6698373620712,1.45460520670684,0
124.753499688976,104.771784232365,1.54339569911289,67.8632340364544,0.839179722098978,11.1693106183406,46.804979253112,3.75815300743001,41.7183929273057,1.44426001471777,0
125.030336567733,105.190871369295,1.55465971293968,67.7236793865648,0.831257437463658,11.1816964977473,46.6224066390042,3.74937272694806,41.774226454246,1.44915612869753,0
125.028992488365,105.153526970954,1.54882598955846,67.7794007393985,0.827192255612986,11.1816363958217,46.6224066390042,3.74937272694807,41.774226454246,1.44915612869753,0
125.254860516419,105.369294605809,1.51777773704763,67.8616279885058,0.816492528520714,11.191731792552,46.4771784232365,3.71070384474132,41.8755161401687,1.44341871801848,0
125.497135904896,105.871369294606,1.55874787478865,67.525581956277,0.822306864107868,11.2025504196543,46.253112033195,3.69932482064721,41.9472665063915,1.44819144378798,0
125.400801416301,105.767634854772,1.56822441150194,67.5091039401313,0.827360556328223,11.1982499264975,46.1203319502075,3.68451852095617,42.0018605923914,1.44998348010563,0
125.537466923862,105.887966804979,1.54596168919968,67.5747109718734,0.821270680612008,11.204350357065,46.1244813278008,3.6827033437384,42.0038820408387,1.44954738848432,0
125.660115909108,106.116182572614,1.56630666081596,67.4440121782495,0.819757408309787,11.2098222960539,46.0663900414938,3.70772648031847,41.976230265837,1.45559895223187,0
125.871517843193,106.344398340249,1.5462316398421,67.478898397257,0.809126364282554,11.2192476504975,46.2863070539419,3.70449824685934,41.9305598983445,1.44736196305056,0
125.781639148518,106.248962655602,1.55544523992955,67.4615650525253,0.813823027251406,11.2152413771848,46.49377593361,3.66216274718237,41.9534583727363,1.43208213455384,0
125.662955652159,105.991701244813,1.526232551153,67.645583232342,0.811988160582789,11.2099489584993,47.4149377593361,3.93016466576571,43.4916901173884,1.53342182890849,0
125.714720185702,106.04979253112,1.52206875541428,67.6507391709318,0.809250773991579,11.2122575864855,47.6141078838174,3.96523123272246,43.3834219505367,1.53658031700619,0
125.577256312218,105.896265560166,1.53337186563333,67.6358634724398,0.816375538620544,11.2061258386749,47.8298755186722,3.99839237588053,43.2748014099172,1.53875656394118,0
105.348470401723,101.423326133909,0.450766149455622,28.519569801106,-0.456158237219208,10.2639402960911,32.7213822894168,2.56199443260176,15.097307629251,0.622360384720319,1
105.507034558141,101.617710583153,0.473117436305206,28.4133578873659,-0.458556425577453,10.2716617233114,32.695464362851,2.58764527692082,15.0813135483786,0.627273044497132,1
105.473252113733,101.552915766739,0.461364294387086,28.5196238949185,-0.465527073572463,10.2700171428159,32.6803455723542,2.58408211306335,15.0855203607846,0.629470859280357,1
105.475678668102,101.555075593952,0.460945041680792,28.5209099860728,-0.465611033714308,10.2701352799319,32.6522678185745,2.60639762408254,15.0727683062192,0.635169085507323,1
105.395378196297,101.4686825054,0.450940532413187,28.5315689021481,-0.45762977876126,10.2662251191125,32.6522678185745,2.60639762408254,15.0727683062192,0.635169085507323,1
105.406197743198,101.477321814255,0.448511599770109,28.5408309276593,-0.457049428887268,10.2667520542379,32.5939524838013,2.67727305033406,15.0110827071543,0.638514544408141,1
105.236563708878,101.274298056156,0.428741115720677,28.6360262661895,-0.455100987346817,10.2584873986801,32.5766738660907,2.67579242761378,15.0140646960254,0.641405054047116,1
105.345887150495,101.397408207343,0.447846760052613,28.6022460327254,-0.464397596040331,10.2638144542122,32.6285097192225,2.71464639559803,14.9738663882807,0.644646232192052,1
105.341909639829,101.393088552916,0.447247652484122,28.6029112541903,-0.463922569173214,10.2636206886181,32.6544276457883,2.73695432006326,14.9536591840998,0.645492340249997,1
105.28218791834,101.332613390929,0.445842306475495,28.5973229129483,-0.458404941722673,10.260710887572,32.5874730021598,2.71080739580946,14.9855780122878,0.646934339743653,1
105.219148040986,101.280777537797,0.458816659378895,28.5487923990854,-0.460383762132938,10.2576385216572,32.5939524838013,2.70974821810301,14.9855387048579,0.645645271065177,1
105.178127217233,101.241900647948,0.462357475249419,28.5354987822539,-0.457547511369029,10.255638801032,32.5766738660907,2.72799886947772,14.9746559397743,0.649066478851599,1
105.211542534578,101.274298056156,0.460600962077888,28.5437373873997,-0.460260657123645,10.2572677909168,32.5874730021598,2.72511864303454,14.9753193306522,0.646842910163768,1
105.252427212513,101.326133909287,0.477420260463253,28.5104125347175,-0.464765492916739,10.2592605587592,32.6393088552916,2.77429533778038,14.9210595658922,0.657156870183314,1
105.188712449492,101.257019438445,0.468359117898581,28.5208367168244,-0.457911232254803,10.2561548569379,32.5831533477322,2.75213119755975,14.94597403378,0.660076646490974,1
105.239950039105,101.326133909287,0.492658889942335,28.4642159257504,-0.462293084659063,10.2586524475247,32.6177105831534,2.79073333850993,14.9051354331215,0.668935047390027,1
105.27573586328,101.360691144708,0.49054188403601,28.4735300704496,-0.465123048524707,10.2603964769048,32.6198704103672,2.79208331976965,14.9039563874995,0.668788154844232,1
105.372475207321,101.470842332613,0.510449381428276,28.4389433460456,-0.474198662025684,10.2651096052269,32.6565874730022,2.8336086877664,14.859107240448,0.679311741192627,1
105.299398302827,101.393088552916,0.502396219554003,28.4456060972703,-0.466816519666746,10.2615495078875,32.5982721382289,2.81303469819122,14.8831871948617,0.682535062820476,1
105.324470378327,101.425485961123,0.513957379381229,28.4228727503082,-0.469600608456439,10.2627710867157,32.622030237581,2.81858622966068,14.8766104873441,0.679228233653698,1
105.343344841408,101.44060475162,0.509600432001734,28.4388961673603,-0.468606414368567,10.2636906053041,32.5032397408207,2.85665708222984,14.708108399275,0.649791724173046,1
105.20350534938,101.233261339093,0.509854602739743,28.6596994368081,-0.481055089954992,10.2568760034125,32.4730021598272,2.8730202765379,14.7008711146754,0.656111014646986,1
105.271889060422,101.306695464363,0.518518339971269,28.6513014763003,-0.488172147940211,10.2602090164101,32.4946004319654,2.85469314445979,14.7104621971672,0.65145920044039,1
105.18873298237,101.226781857451,0.522803564826208,28.6282784812261,-0.482825134529885,10.2561558579406,32.4038876889849,2.88081362823351,14.7008755667449,0.658439322051772,1
105.086933055067,101.112311015119,0.504067815371626,28.6589952420529,-0.473578631697772,10.251191787059,32.3477321814255,2.87839573736326,14.709967695674,0.665386041437668,1
105.107155031791,101.138228941685,0.513093441022642,28.641656512249,-0.475904302654574,10.2521780628211,32.354211663067,2.8868800780382,14.7007604485151,0.667985831125578,1
105.148655439909,101.181425485961,0.516095146199225,28.6414149425555,-0.4802612423327,10.2542018431426,32.3693304535637,2.89346315565086,14.6947177019028,0.666270349229426,1
105.131903162813,101.166306695464,0.518722424862022,28.6333061592852,-0.479546389184885,10.2533849612122,32.354211663067,2.90290957065506,14.6904502130328,0.669638470288998,1
105.211255136242,101.257019438445,0.53665783774176,28.604044710163,-0.487848844306941,10.2572537814096,32.3088552915767,2.97088670615843,14.6248050043096,0.666892568523755,1
105.184944598523,101.233261339093,0.5407507122367,28.5913440029453,-0.486745401188131,10.2559711679842,32.3326133909287,2.97383904746389,14.6202120617713,0.663052194945123,1
105.250631657786,101.302375809935,0.546881870397577,28.5882724792464,-0.493389647568983,10.2591730494122,32.3520518358531,2.96154601055639,14.6257508447327,0.658758686284914,1
105.219815164444,101.274298056156,0.55130675336576,28.5742809670765,-0.491944851298239,10.25767103998,32.3239740820734,2.9761611272764,14.6196662222345,0.664700545900262,1
105.217629036408,101.272138228942,0.551352842036204,28.573885035538,-0.491745925976456,10.2575644787838,32.3326133909287,2.98136884058669,14.6153256408574,0.66397555717422,1
105.225757508305,101.285097192225,0.556770549875873,28.5578461773888,-0.491849241702095,10.2579606895476,32.3239740820734,2.97082870007536,14.6303222370948,0.658369694896957,1
105.312575986475,101.352051835853,0.541275425805924,28.6403892280029,-0.483305671344444,10.2621915781414,32.317494600432,2.9792973193975,14.6253596021751,0.659587345482331,1
105.243859575757,101.280777537797,0.536697205119238,28.6399313661572,-0.47668375159825,10.2588429940105,32.2483801295896,2.96009073442227,14.6503576397326,0.662869266003693,1
105.260932595553,101.298056155508,0.537047835186852,28.6415701676398,-0.47838553157892,10.2596750726109,32.2419006479482,2.95723761490229,14.6529038482109,0.663642320380082,1
105.244793328118,101.274298056156,0.52712675711531,28.6663205007868,-0.47738433531246,10.2588885035426,32.2159827213823,2.9292898194295,14.6993242569205,0.645462126225858,1
105.003044283751,101.056155507559,0.514145864956006,28.5491351320774,-0.490865695799211,10.2470993107196,32.1879049676026,2.93215048394904,14.700667908069,0.650633001633552,1
105.0709006741,101.120950323974,0.509720709688961,28.5693970461362,-0.495337140470751,10.2504097807892,32.2764578833693,2.94668856521219,14.6720729944473,0.649993509658656,1
104.990414043553,101.038876889849,0.50643141260112,28.5638685967445,-0.488308355784168,10.2464830085036,32.2375809935205,2.96464083901769,14.6647873223356,0.657647545208141,1
104.962690069831,101.015118790497,0.512091661310013,28.5459640807542,-0.48817506119018,10.245130066028,32.1814254859611,2.9844954920725,14.6579145663854,0.666888822084972,1
105.0048132189,101.060475161987,0.517869072402406,28.5403301906754,-0.492948632140028,10.2471856243019,32.2203023758099,3.02921424946816,14.6147888952877,0.675647671894435,1
104.925253658457,100.980561555076,0.516595750399691,28.5305648002717,-0.486346968072817,10.2433028686287,32.1533477321814,3.03131273396607,14.6225314127075,0.682974197005411,1
104.823434802535,100.876889848812,0.512537313019652,28.5230211086267,-0.478453636663134,10.2383316415584,32.0712742980562,3.09638165174781,14.5780960006677,0.691643330785678,1
104.844037208746,100.89848812095,0.51432045731463,28.5223474677065,-0.480736216381905,10.2393377329174,32.0475161987041,3.07009108061446,14.6002249466473,0.688926958287195,1
104.817407833247,100.874730021598,0.518826384381514,28.5084757785265,-0.479817193703139,10.2380373037632,32.0259179265659,3.05785685954231,14.6106532461408,0.690683564694717,1
104.747490266176,100.805615550756,0.5197742460828,28.4959367271156,-0.47417002094227,10.2346221359743,31.9654427645788,3.04092855125005,14.6313610197599,0.69490399886774,1
104.767128374815,100.838012958963,0.532304508818702,28.4533814426975,-0.473749931180562,10.2355814868924,32.0302375809935,2.97027745660283,14.6801082154104,0.68687757080359,1
104.738180207069,100.812095032397,0.53715347363018,28.4386121072803,-0.472677996616769,10.2341672942682,31.9848812095032,2.9947927060919,14.6692904605413,0.695574217781823,1
66.5947537984801,63.6277533039648,0.486160469734656,19.6779866199167,-0.782540751286382,8.16056087523891,24.5132158590308,4.2125416709256,10.8531661594203,1.050871922238,2
66.5635730043191,63.5991189427313,0.489971583542514,19.6650225477828,-0.780768034600482,8.15865019499667,24.4977973568282,4.23665324334801,10.8460527603279,1.05615730432111,2
66.576725305642,63.6101321585903,0.486610739006586,19.673942235175,-0.780278090039797,8.15945618933284,24.5022026431718,4.2343942045712,10.8462562891928,1.05488411807126,2
66.591760414229,63.6299559471366,0.49783645859978,19.6606886150828,-0.783482912862557,8.16037746763157,24.5330396475771,4.29162464127804,10.8133884397118,1.06687877152914,2
66.5331886973553,63.5638766519824,0.478386552035113,19.6761667990816,-0.774067143780586,8.15678789091363,24.4867841409692,4.26136284238521,10.8348449315442,1.06657925572561,2
66.5331886973553,63.5638766519824,0.478386552035113,19.6761667990816,-0.774067143780586,8.15678789091363,24.5550660792952,4.15761544238845,10.8788353312013,1.05547727457765,2
66.5384854355197,63.5726872246696,0.484147412956504,19.6655872784341,-0.774721856252567,8.15711256729486,24.5374449339207,4.13188623611324,10.8926999711974,1.05308811418183,2
66.4602328845309,63.4735682819383,0.447814451649373,19.7211903390023,-0.764425414744225,8.15231457222615,24.5066079295154,4.14721766266518,10.891343766607,1.06079613637375,2
66.4441072124527,63.4581497797357,0.448610624358909,19.7164617209654,-0.762871550639748,8.15132548806958,24.4911894273128,4.15691722894155,10.8899233206078,1.06528133103264,2
66.3674858029605,63.3920704845815,0.460571718134724,19.6708124930391,-0.76485782955948,8.14662419674312,24.4801762114537,4.16913443767539,10.886867718063,1.06893063140399,2
66.4004836509109,63.420704845815,0.453758039778335,19.6899053805505,-0.764903678206675,8.14864919179314,24.4493392070485,4.13253188969911,10.9080377033684,1.06603995727848,2
66.3809590022747,63.3964757709251,0.442269123194891,19.7021213524429,-0.760823047702388,8.14745107394176,24.4140969162996,4.08123201691877,10.9385348547065,1.05785867906752,2
66.4175319193322,63.442731277533,0.464398724360929,19.6764115685408,-0.768027885406006,8.14969520407556,24.431718061674,4.07615567188208,10.9378520577751,1.053441513468,2
66.3779725683961,63.4096916299559,0.473837018096307,19.6493430655303,-0.769781948680245,8.14726779775871,24.4339207048458,4.0773223531902,10.93705829722,1.05314480618951,2
66.4102189472128,63.4493392070485,0.491903371630318,19.630265343168,-0.776271525953379,8.14924652634909,24.4229074889868,4.07406072845825,10.9400132129532,1.05504440108955,2
66.3359325489328,63.3678414096916,0.472748802459239,19.6423636917974,-0.766351232529528,8.14468738190318,24.3766519823789,4.06467939557305,10.952293953776,1.0593834800533,2
66.3704063344832,63.4361233480176,0.494535348763931,19.537909467269,-0.762414517996056,8.14680344273036,24.3458149779736,4.01546010610177,10.9814922616374,1.05069770325184,2
66.3752514783226,63.4405286343612,0.49378563830062,19.5400700137888,-0.762675582666324,8.14710080202293,24.3193832599119,4.06300561124308,10.9653970521192,1.05917472480441,2
66.2715013733138,63.3436123348018,0.494691249237847,19.5022156705669,-0.760792613007042,8.14073100976281,24.2422907488987,4.09542710754236,10.9638527107976,1.06276118613997,2
66.3116224920869,63.3942731277533,0.519194127750269,19.4738985956185,-0.768591245905306,8.14319485779917,24.2488986784141,4.08494589108043,10.9670260798481,1.06045746033296,2
66.2631085859347,63.3502202643172,0.525758957034138,19.4520588568501,-0.766644128874295,8.14021551225363,24.2136563876652,4.12726758144498,10.9548819170014,1.07079329980769,2
66.3181824357838,63.4361233480176,0.565599860530309,19.3593670864821,-0.771026396808678,8.14359763469339,24.2136563876652,4.12726758144498,10.9548819170014,1.07079329980769,2
66.3204907173249,63.4383259911894,0.565456043206113,19.360058398909,-0.771251826326837,8.14373935715805,24.2114537444934,4.12672018831863,10.9554285071832,1.07119931537191,2
66.394844155224,63.5264317180617,0.59628811947755,19.3259015261892,-0.782108943170983,8.14830314576133,24.2180616740088,4.11474485581212,10.9592272546135,1.06888381967886,2
66.3595864488047,63.488986784141,0.588866929302035,19.3278582260655,-0.776445329845425,8.14613935854308,24.2092511013216,4.12189895363112,10.9577878748953,1.07162901807668,2
66.2762872791363,63.3920704845815,0.558909718728419,19.3601974118874,-0.765704635603163,8.14102495261723,24.1828193832599,4.13109985403419,10.9582617729412,1.07800594696258,2
66.3041483476391,63.420704845815,0.562303041172922,19.361818402829,-0.76977215362512,8.14273592520592,24.2180616740088,4.14917826016243,10.9447147620923,1.07548481606535,2
66.3556696135895,63.4845814977974,0.591259982344279,19.3288831030119,-0.779152645491573,8.14589894447442,24.1607929515419,4.25104787310727,10.9036784317656,1.08790447452626,2
66.3335085852805,63.4515418502203,0.569388455201722,19.3613502895503,-0.775309775992566,8.14453857411704,24.1629955947137,4.25442587448532,10.9019246458838,1.08820702563594,2
66.3209722911144,63.4405286343612,0.572117879156851,19.354477339815,-0.775100318173378,8.14376892422141,24.1651982378855,4.25177207295121,10.9026001042624,1.08745541968115,2
66.3246919156753,63.4449339207049,0.574025618044191,19.3527794803727,-0.775886098460375,8.1439972934472,24.1409691629956,4.21660806861947,10.9218554785334,1.08360906324554,2
66.3079685711698,63.4030837004405,0.572238077273515,19.4326388284878,-0.783838054752738,8.14297050044821,24.1387665198238,4.21412020136951,10.9231974340748,1.0835905796114,2
66.3480344396789,63.4449339207049,0.578910755877682,19.4328028440396,-0.789769556246715,8.14543027959106,24.1607929515419,4.21647281106395,10.918852007934,1.07948366397417,2
66.3099284265148,63.4074889867841,0.578246980019099,19.4249341674966,-0.785563482715833,8.1430908398786,24.1343612334802,4.23221265027229,10.916783761375,1.08659207993236,2
66.3361649791497,63.4295154185022,0.571375832503223,19.4426333674002,-0.784554177718624,8.14470165071439,24.1277533039648,4.24018344784739,10.9147398473162,1.08883612983695,2
66.2654686454549,63.3458149779736,0.54187172567086,19.4744813524785,-0.773790638762693,8.14036047392589,24.1101321585903,4.23425134286769,10.919785129171,1.09155828035583,2
66.2883502166809,63.3656387665198,0.536686291561978,19.4878863129505,-0.773800600346752,8.14176579230089,24.1387665198238,4.20086850930925,10.9286525922362,1.08272303707812,2
66.2832993364476,63.3612334801762,0.537815413371074,19.4850232693857,-0.773749450708756,8.14145560305082,24.1497797356828,4.1805426756061,10.9350697530127,1.07887189969551,2
66.2737281919325,63.3480176211454,0.529532704452599,19.4954578519254,-0.771754680412742,8.14086777880175,24.1277533039648,4.13435691138365,10.9736379180994,1.05474826691787,2
66.3214870730225,63.4030837004405,0.5486819577823,19.4788182734664,-0.780289471280412,8.14380053003648,24.1541850220264,4.14288494343888,10.9660530819102,1.05101357719593,2
66.232370275015,63.3348017621145,0.562713782408296,19.3973843923103,-0.796863662401965,8.13832724059527,24.1057268722467,4.26192688409561,10.9089068971754,1.05788713181195,2
66.2956434074047,63.4383259911894,0.597479775744788,19.2745799682664,-0.797622366219451,8.14221366751111,24.1079295154185,4.26298549170952,10.908177001908,1.05755989357772,2
66.2223926352983,63.352422907489,0.56784345904224,19.3053545932434,-0.78673496695811,8.1377142144031,24.0859030837004,4.26582339665039,10.9103966234346,1.06248974166148,2
66.2929853898154,63.420704845815,0.568316633374775,19.3234719487859,-0.792100872855404,8.14205044137012,24.0881057268722,4.26958157080405,10.9084567080035,1.06292001395142,2
66.3432039085076,63.4823788546256,0.596153620538553,19.2932155337307,-0.801451039294896,8.14513375633007,24.0947136563877,4.27844720940693,10.9038469944167,1.06334349754313,2
66.2282463661849,63.4008810572687,0.587954081169034,19.1655411694256,-0.84017646347431,8.13807387323223,24.0396475770925,4.39924464677118,10.8509148904325,1.07341942966422,2
66.1535724975229,63.3039647577093,0.547159744268168,19.228040877581,-0.8298029260701,8.13348464666424,24.0308370044053,4.3939941577537,10.8541981056373,1.0745174267169,2
66.1454311473892,63.2973568281938,0.549466060111604,19.2217716441409,-0.830512010664101,8.13298414773995,24.0132158590308,4.38383513581492,10.8607400689426,1.07655617224905,2
66.0973117876261,63.2378854625551,0.521725127319304,19.2520351477192,-0.821255995157362,8.13002532515282,23.9955947136564,4.39082550404212,10.8607472321308,1.08120598711444,2
66.1111065865405,63.2511013215859,0.521181456326987,19.2559944194066,-0.822609071492825,8.13087366686634,24.0220264317181,4.36155026798317,10.8680404881598,1.0730296528714,2
1.83624477447721,0.388888888888889,77.5391993635102,1.79843889279582,8.21341610899832,1.35508109516634,4.32478632478632,10.7135860868469,3.48714145591286,2.79594308868448,4
1.83624477447721,0.388888888888889,77.5391993635102,1.79843889279582,8.21341610899832,1.35508109516634,4.31623931623932,10.690836986682,3.4903904196433,2.79423723667413,4
1.83624477447721,0.388888888888889,77.5391993635102,1.79843889279582,8.21341610899832,1.35508109516634,4.33333333333333,10.5134724973395,3.49862020625839,2.76489944497191,4
1.83624477447721,0.388888888888889,77.5391993635102,1.79843889279582,8.21341610899832,1.35508109516634,4.32478632478632,10.4910819175343,3.50187947042607,2.76325576053942,4
1.83624477447721,0.388888888888889,77.5391993635102,1.79843889279582,8.21341610899832,1.35508109516634,4.31196581196581,10.5976135677244,3.49753223592227,2.78266452141416,4
1.83624477447721,0.388888888888889,77.5391993635102,1.79843889279582,8.21341610899832,1.35508109516634,4.26923076923077,11.1662170305457,3.46412544099958,2.85274516546486,4
1.83624477447721,0.388888888888889,77.5391993635102,1.79843889279582,8.21341610899832,1.35508109516634,4.27350427350427,11.1873274469636,3.4619301263244,2.85546377466038,4
1.83624477447721,0.388888888888889,77.5391993635102,1.79843889279582,8.21341610899831,1.35508109516634,4.26068376068376,11.183780280619,3.46478191139859,2.8582885156738,4
1.83624477447721,0.388888888888889,77.5391993635102,1.79843889279582,8.21341610899832,1.35508109516634,4.26068376068376,11.183780280619,3.46478191139859,2.8582885156738,4
1.83508075231619,0.384615384615385,77.6658990603616,1.79816861457917,8.22405300331993,1.35465152431029,4.25213675213675,11.1619142193935,3.46789315988008,2.85682242429794,4
1.83508075231619,0.384615384615385,77.6658990603616,1.79816861457917,8.22405300331992,1.35465152431029,4.22649572649573,11.3348484009405,3.4622400440032,2.88646526174641,4
1.83508075231619,0.384615384615385,77.6658990603616,1.79816861457917,8.22405300331993,1.35465152431029,4.27777777777778,10.4419948945465,3.53216030410918,2.79699441809701,4
1.83508075231619,0.384615384615385,77.6658990603616,1.79816861457917,8.22405300331993,1.35465152431029,4.26923076923077,10.4228102011359,3.53525376009046,2.79577867906838,4
1.83508075231619,0.384615384615385,77.6658990603616,1.79816861457917,8.22405300331993,1.35465152431029,4.27350427350427,10.4234182752613,3.53431718551021,2.79456394547959,4
1.83508075231619,0.384615384615385,77.6658990603616,1.79816861457917,8.22405300331992,1.35465152431029,4.27350427350427,10.4234182752613,3.53431718551021,2.79456394547959,4
1.80573634860789,0.363247863247863,82.6328989539831,1.77261467800231,8.54515610688054,1.34377689688724,4.26068376068376,10.5835063451416,3.52617331436093,2.8198632307343,4
1.80573634860789,0.363247863247863,82.6328989539831,1.77261467800231,8.54515610688054,1.34377689688724,4.25641025641026,10.5830543270008,3.52709645119491,2.82109769962922,4
1.80573634860789,0.363247863247863,82.6328989539831,1.77261467800231,8.54515610688054,1.34377689688724,4.26495726495727,10.6022400657978,3.52402706237669,2.82231127392801,4
1.8009968749528,0.354700854700855,83.3991367910123,1.76950785944411,8.60132536932932,1.3420122484362,4.26068376068376,10.5835063451416,3.52617331436093,2.8198632307343,4
1.8009968749528,0.354700854700855,83.3991367910122,1.76950785944411,8.60132536932932,1.3420122484362,4.23931623931624,10.7652419383972,3.51855796800928,2.85110970038519,4
1.8009968749528,0.354700854700855,83.3991367910123,1.76950785944411,8.60132536932932,1.3420122484362,4.24358974358974,10.7654519547881,3.51765344667173,2.84984394787027,4
1.8009968749528,0.354700854700855,83.3991367910122,1.76950785944411,8.60132536932932,1.3420122484362,4.24786324786325,10.7842972362381,3.51552286212082,2.85230148351207,4
1.8009968749528,0.354700854700855,83.3991367910122,1.76950785944411,8.60132536932932,1.3420122484362,4.24358974358974,10.7839903352626,3.516433147366,2.85354996721663,4
1.8009968749528,0.354700854700855,83.3991367910123,1.76950785944411,8.60132536932932,1.3420122484362,4.23931623931624,10.7652419383972,3.51855796800928,2.85110970038519,4
1.8009968749528,0.354700854700855,83.3991367910123,1.76950785944411,8.60132536932932,1.3420122484362,4.23931623931624,10.7652419383972,3.51855796800928,2.85110970038519,4
1.8009968749528,0.354700854700855,83.3991367910122,1.76950785944411,8.60132536932932,1.3420122484362,4.24786324786325,10.7467413152556,3.51796366895231,2.84548216478585,4
1.8009968749528,0.354700854700855,83.3991367910122,1.76950785944411,8.60132536932932,1.3420122484362,4.24786324786325,10.7467413152556,3.51796366895231,2.84548216478585,4
1.8009968749528,0.354700854700855,83.3991367910123,1.76950785944411,8.60132536932932,1.3420122484362,4.26068376068376,10.6360567107968,3.52252000277497,2.82556522012449,4
1.8009968749528,0.354700854700855,83.3991367910123,1.76950785944411,8.60132536932932,1.3420122484362,4.25641025641026,10.6173110109067,3.52466196876487,2.8231241151875,4
1.8009968749528,0.354700854700855,83.3991367910123,1.76950785944411,8.60132536932932,1.3420122484362,4.26068376068376,10.6360567107968,3.52252000277497,2.8255652201245,4
1.8009968749528,0.354700854700855,83.3991367910123,1.76950785944411,8.60132536932932,1.3420122484362,4.26068376068376,10.6360567107968,3.52252000277497,2.8255652201245,4
1.8021829118775,0.358974358974359,83.2482574954002,1.76985505801417,8.58924803630801,1.34245406322805,4.27777777777778,10.6009840580832,3.52120763304871,2.81578716138635,4
1.80691927461004,0.367521367521368,82.4875291283906,1.77294057811673,8.53343420186234,1.34421697452831,4.26068376068376,10.8504667199657,3.50786870878946,2.85222669796558,4
1.80810142669895,0.371794871794872,82.3444064605279,1.77325607512181,8.52186823172053,1.3446566203678,4.26068376068376,10.8504667199657,3.50786870878946,2.85222669796558,4
1.8092828063916,0.376068376068376,82.2035184572415,1.77356117456936,8.51045759214053,1.345095835393,4.25213675213675,10.761607775525,3.51582805564221,2.83369677305043,4
1.8092828063916,0.376068376068376,82.2035184572415,1.77356117456936,8.51045759214053,1.345095835393,4.26068376068376,10.6693273079379,3.52008235528311,2.81813983205633,4
1.8187062180826,0.384615384615385,80.5754885045378,1.7813827577328,8.39798335553803,1.34859416359504,4.26068376068376,10.6693273079379,3.52008235528311,2.81813983205633,4
1.8187062180826,0.384615384615385,80.5754885045378,1.7813827577328,8.39798335553803,1.34859416359504,4.26068376068376,10.6693273079379,3.52008235528311,2.81813983205633,4
1.8198807136639,0.388888888888889,80.4436834714968,1.78165558237578,8.38713522092138,1.34902954514121,4.24786324786325,10.5639007247432,3.53014238890439,2.79766791894869,4
1.81517817166024,0.38034188034188,81.1614443367414,1.77868830081535,8.44038601440023,1.34728548261318,4.25213675213675,10.4689360466645,3.5365194278587,2.78699941434986,4
1.81635494855639,0.384615384615385,81.0266486320438,1.77897184872628,8.4293523955384,1.34772213328876,4.27777777777778,10.2124095895878,3.54913061012756,2.74616064774885,4
1.81635494855639,0.384615384615385,81.0266486320438,1.77897184872628,8.4293523955384,1.34772213328876,4.28632478632479,10.2313903508998,3.54602857062304,2.74726536021124,4
1.81635494855639,0.384615384615385,81.0266486320438,1.77897184872628,8.4293523955384,1.34772213328876,4.27350427350427,10.229710879885,3.54885928991814,2.75037255595692,4
1.81635494855639,0.384615384615385,81.0266486320438,1.77897184872628,8.4293523955384,1.34772213328876,4.18803418803419,10.4650493864114,3.35568603075788,2.69446320711256,4
1.81164325463135,0.376068376068376,81.7549750787105,1.77597942863282,8.48322157119824,1.34597297693206,4.17094017094017,10.8010296519038,3.33608338192694,2.7355923830919,4
1.80336816877108,0.371794871794872,83.2436053442196,1.76840881189338,8.57694105172691,1.34289544223334,4.22649572649573,10.1990416181319,3.37435145668031,2.67923749993097,4
1.80336816877108,0.371794871794872,83.2436053442196,1.76840881189338,8.57694105172691,1.34289544223334,4.22649572649573,10.1990416181319,3.37435145668031,2.67923749993097,4
1.80336816877108,0.371794871794872,83.2436053442196,1.76840881189338,8.57694105172691,1.34289544223334,4.21794871794872,10.2570227950544,3.37237236155771,2.69094996340359,4
1.80336816877108,0.371794871794872,83.2436053442196,1.76840881189338,8.57694105172691,1.34289544223334,4.20940170940171,10.2366493474258,3.37546011248603,2.68996552761293,4
1.80336816877108,0.371794871794872,83.2436053442196,1.76840881189338,8.57694105172691,1.34289544223334,4.21794871794872,10.105570667077,3.38253822933243,2.670932484073,4
96.5559423339651,86.7055555555556,-1.06141560275911,42.5467394601245,-0.334634762126865,9.82628832947442,25.0972222222222,1.13251254217148,15.4369593414936,0.621233550352386,5
96.5254572063188,86.6694444444445,-1.06333707511181,42.5511543329502,-0.332039262607106,9.82473700443522,25.0222222222222,1.11492356100009,15.4737464985881,0.62414992828117,5
96.4119488906271,86.5194444444445,-1.07439090600727,42.5991834271487,-0.322851816093983,9.81895864593731,24.9861111111111,1.10400322940793,15.4912978137467,0.626965909196266,5
96.4326909760839,86.5361111111111,-1.07548887728497,42.6123136817696,-0.322999139313718,9.82001481547171,25.025,1.07362393785804,15.5189501375085,0.620406577134534,5
96.3806544673544,86.4972222222222,-1.07338110895582,42.5734167525873,-0.323903567060445,9.81736494520573,25.0583333333333,1.05782650108675,15.5296261929769,0.613665015743357,5
96.2069961650976,86.3027777777778,-1.07942354603483,42.5752487115157,-0.313242598391078,9.808516511945,24.9888888888889,1.02917319140851,15.5856833415923,0.608860136525302,5
95.9238557977686,86.0361111111111,-1.08251101727179,42.4757027238134,-0.307223205655792,9.79407248277082,24.9638888888889,1.02909119893472,15.5896661147631,0.612953882443549,5
96.1061190097234,86.2305555555556,-1.0788417940208,42.4934490736534,-0.317348016408347,9.80337283845327,25.2611111111111,2.3108792054857,16.1232591688893,0.87647933043393,5
96.085306426691,86.1805555555556,-1.08386982878987,42.5479334440466,-0.31683241883793,9.80231127983044,25.3,2.34263885817502,16.0838332991024,0.88358218947763,5
96.3163768236973,86.45,-1.07430096907002,42.5236981283021,-0.327990183744116,9.81409072832003,25.3361111111111,2.33419453946366,16.0842429299078,0.877139167136072,5
96.4271313825454,86.5972222222222,-1.06312039404931,42.4749835343787,-0.337051675832274,9.81973173679126,25.4444444444444,2.2847341968327,16.1119766253818,0.863660623403323,5
96.5113838996324,86.6583333333333,-1.06543424001619,42.5418350545086,-0.334535610303019,9.82402076034209,25.4777777777778,2.28146437484106,16.1089450939413,0.858270315635554,5
96.5065052499341,86.65,-1.06649231007446,42.5477578629514,-0.334104215467391,9.82377245511795,25.4916666666667,2.28508350676352,16.1037699525682,0.856885925344353,5
96.5632636611299,86.6916666666667,-1.06844865414587,42.591758229507,-0.332710376443732,9.82666086018694,25.4555555555556,2.32871252079414,16.0699453806569,0.862785035219434,5
96.5533531266522,86.6555555555556,-1.06914215026543,42.6428874079506,-0.334073634164773,9.82615657959165,25.4722222222222,2.33726272986216,16.0600997147407,0.862375231819206,5
96.6196149857781,86.7055555555556,-1.07187543241604,42.6914429426572,-0.333092111579344,9.82952770919225,25.4555555555556,2.34700291788977,16.0553784746258,0.865969678166056,5
96.5854543914352,86.6722222222222,-1.07126550282399,42.6818026048515,-0.331182391653553,9.82778990370852,25.5277777777778,2.28973895916553,16.0937125235822,0.853065781843556,5
96.8369620662597,86.9027777777778,-1.07153925573692,42.7830439567029,-0.336790491043409,9.84057732382911,25.6111111111111,2.30823971074061,16.0595649225918,0.850058714871571,5
96.8335771654991,86.8972222222222,-1.07222419783585,42.7866768248123,-0.336481063686409,9.84040533542695,25.65,2.31413007482902,16.0483166708092,0.845633173133761,5
96.9222769943927,86.9611111111111,-1.07432299512127,42.8578480657076,-0.333637838625725,9.84491122328651,25.6,2.37700160114092,15.9939403567009,0.85160264925111,5
97.1743421782611,87.2472222222222,-1.06477659791295,42.8471077678884,-0.344238886770893,9.85770471145596,25.6638888888889,2.37856643875557,15.9813898171909,0.844132535238457,5
96.9711154015577,86.9527777777778,-1.07643567796321,42.985396147483,-0.335383911261579,9.84739129930144,25.625,2.3753985811835,15.9902803869215,0.849178897441206,5
97.2013660169216,87.1944444444444,-1.07128644494215,43.0159777560488,-0.345496260123679,9.85907531246828,25.6416666666667,2.38206791059736,15.982300011232,0.848070726437472,5
97.005569714092,86.8694444444444,-1.07451227176838,43.2316060967808,-0.341567711933135,9.84914055712944,25.6,2.38381864795326,15.9878435713289,0.854301411138396,5
97.0142314875045,86.8833333333333,-1.07285357760788,43.223107793792,-0.342373183948758,9.8495802696107,25.6583333333333,2.37198580606375,15.9873709733861,0.8449966150545,5
97.0401835438403,86.9027777777778,-1.07391922861435,43.242324168629,-0.341949141791673,9.85089760092147,25.575,2.46608673079591,15.8962491853129,0.851877669480843,5
97.2501356754266,87.15,-1.06389448904385,43.2163663158849,-0.353481793401669,9.86154834067281,25.6277777777778,2.48778340622142,15.8692535909113,0.850032266449548,5
97.2811075640532,87.175,-1.06545134780697,43.2357009386294,-0.353702161614281,9.86311855165765,25.625,2.48999149156628,15.8680470264787,0.850652991291323,5
97.2591755168746,87.1527777777778,-1.06538424328441,43.2311464766855,-0.352338666792244,9.86200666785795,25.6611111111111,2.52497125134469,15.8243012893717,0.86130001569477,5
97.3126262219976,87.2527777777778,-1.05377130867309,43.149413189031,-0.3562682489263,9.8647162261262,25.675,2.53146283689065,15.8171106355724,0.860563541349816,5
97.3369006195606,87.2722222222222,-1.05500339793478,43.1648818565352,-0.356381425190249,9.86594651412426,25.7166666666667,2.47596582461189,15.8614386727309,0.854971073607544,5
97.3141248169498,87.2333333333333,-1.05988965226229,43.1922050122028,-0.354356790704061,9.86479218316077,25.7472222222222,2.49599928991856,15.8397262664354,0.855844244955608,5
97.3483721258633,87.2611111111111,-1.06161514290253,43.2133224955201,-0.354646626236497,9.86652786576227,25.7805555555556,2.46905675529796,15.854989099846,0.848686699742528,5
97.4922076658209,87.425,-1.05519747003225,43.2063125675225,-0.364420011540969,9.87381424100236,25.8583333333333,2.50052921493204,15.8115446522373,0.849366307461584,5
97.5330997946623,87.5055555555556,-1.04547936242817,43.1352730330386,-0.367272967229698,9.87588476009427,25.8333333333333,2.47525984550321,15.8453529122468,0.839917439757966,5
97.536389220753,87.5083333333333,-1.04564141725437,43.1370806824594,-0.367338540434699,9.87605129698874,25.8388888888889,2.47255646857326,15.846465257512,0.838730932870339,5
97.46908341737,87.4333333333333,-1.04817332293749,43.1370298307427,-0.362287636324891,9.87264318292573,25.8444444444444,2.47824528899216,15.8384329372501,0.841152514772086,5
97.4567710434848,87.3833333333333,-1.04812121496849,43.2106681091616,-0.364524973340937,9.87201960307438,25.8694444444444,2.50131533709768,15.8125213852687,0.845762054859694,5
97.4670742125542,87.3916666666667,-1.04864665344603,43.2170712878184,-0.36460091865939,9.87254142622629,25.8833333333333,2.49279801530587,15.8165933106795,0.8427197467761,5
97.4927205259734,87.4472222222222,-1.04203345410478,43.1623545488563,-0.366046374119164,9.87384021168934,25.8777777777778,2.48732275016211,15.8253544867136,0.839759437231716,5
97.6079886302573,87.5694444444444,-1.03983485066798,43.1751070821694,-0.373393591066119,9.8796755326406,25.9194444444444,2.47639782182837,15.8269422179096,0.832203708167295,5
97.4511131000793,87.4194444444445,-1.03816781666929,43.1245415425597,-0.366801629158485,9.8717330342792,25.7833333333333,2.5532763361908,15.760843196764,0.841688850447304,5
97.4444856201611,87.4111111111111,-1.03879138729374,43.126462852927,-0.366203141139605,9.87139734891475,25.7805555555556,2.55355182294218,15.7610697614331,0.842178319858671,5
97.4655209690985,87.4277777777778,-1.03985273524219,43.140249424362,-0.366218843119067,9.87246276108948,25.8388888888889,2.58673326222546,15.7227595758005,0.843643739725474,5
97.4668747147802,87.4305555555556,-1.03949503651954,43.1376711678459,-0.366311759438178,9.8725313225525,25.8666666666667,2.61567456984284,15.6875480667121,0.852729472961682,5
97.4807815816932,87.4416666666667,-1.04020492992592,43.1465977768983,-0.366359519500602,9.87323561866591,25.8861111111111,2.58815551315995,15.708196550636,0.849895396228455,5
97.4685989320549,87.3888888888889,-1.03939609242322,43.2261512831162,-0.369033876934578,9.87261864613715,25.9166666666667,2.61609959655973,15.678125563023,0.854835612978885,5
97.5962914823668,87.525,-1.03661801030204,43.2389156904237,-0.377063373418171,9.87908353453734,25.9722222222222,2.61783155186011,15.6676593454645,0.847718129869572,5
97.4287916605992,87.3583333333333,-1.03701429187887,43.1980853993866,-0.36909482311685,9.87060239603436,25.8777777777778,2.62525802283943,15.6792912250826,0.856531053472614,5
97.4149344014789,87.3083333333333,-1.03850660201594,43.2680565943106,-0.37066016050341,9.86990042510455,25.8805555555556,2.62708983702819,15.6774471986171,0.856535115019195,5
231.335531949258,188.641711229947,0.924320635015846,134.26404323043,1.34565196503386,15.2097183389193,209.283422459893,0.387119163314906,145.180050960268,0.592682583549765,0
232.331084059626,189.529411764706,0.843956569028776,134.734597504523,1.31989280761482,15.2424107036789,209.294117647059,0.386245569504315,145.1925459358,0.592608810619589,0
233.032266935622,190.390374331551,0.81064881166875,134.731642926868,1.30305694822391,15.2653944245022,208.042780748663,0.39426916517629,145.362869232021,0.610293962837883,0
233.071458597646,190.465240641711,0.81177359688305,134.693409807259,1.30292980960512,15.2666780472258,209.139037433155,0.379150992418167,145.324264508658,0.591894019311203,0
233.003718039693,190.336898395722,0.809945991079597,134.757962547295,1.30319361401154,15.2644593104274,209.176470588235,0.380957864976805,145.279803754253,0.592750340050002,0
234.047278006487,191.657754010695,0.764671900158221,134.693920168701,1.28392079953119,15.2986037927154,209.823529411765,0.331790246213399,145.900893901442,0.584870975950365,0
234.040389128277,191.652406417112,0.765279529910033,134.689535607792,1.2840857625005,15.2983786437739,210.871657754011,0.308063074539891,145.992246807432,0.565615523025235,0
234.018635850083,191.609625668449,0.764524311401259,134.712727058655,1.28409833553437,15.2976676604665,210.545454545455,0.32625192766396,145.835383032656,0.572530418696745,0
231.910491215531,189.855614973262,0.898724188894592,133.539070469876,1.32039283155438,15.2286076584674,211.160427807487,0.304891381220895,145.973726962275,0.55953973912605,0
234.556881121155,191.818181818182,0.762597790927364,135.353933058947,1.28842053404849,15.3152499529441,210.631016042781,0.320596751440197,145.887634255039,0.570744858928478,0
236.111253573757,192.866310160428,0.656938876499189,136.568106168071,1.26600377648177,15.3659120644938,209.839572192513,0.375257234204262,145.271292133358,0.583145325751279,0
235.609903734898,192.090909090909,0.663866938261742,136.796125175926,1.27363667847508,15.3495896927214,210.106951871658,0.381106993425965,145.154716511745,0.580109628685728,0
235.645455607918,192.160427807487,0.664895379168525,136.759524980655,1.27355286875534,15.3507477214603,210.064171122995,0.383899822252029,145.129553357602,0.580992875760992,0
235.653659124622,192.176470588235,0.665133996745412,136.751072344886,1.27353359065674,15.3510149216468,209.251336898396,0.399710676670124,145.09946879633,0.596636494998461,0
236.564866006931,193.320855614973,0.626240818994417,136.711114238211,1.25466292154082,15.3806653304378,210.235294117647,0.336517980517743,145.794959259494,0.580683489402346,0
235.184999430702,192.294117647059,0.729286612408552,135.770141449797,1.28088973625192,15.3357425457883,209.438502673797,0.308000573448856,146.399953779238,0.579048220246313,0
235.351154183278,192.754010695187,0.744302419533191,135.403472829385,1.28790190072179,15.3411588279138,209.930481283422,0.292006792651081,146.495588693846,0.568532736580723,0
235.378418721853,192.807486631016,0.745210510429867,135.374571346708,1.28788429013088,15.3420474097121,208.438502673797,0.277071457579944,147.136028839616,0.576756370029,0
237.322779362366,194.561497326203,0.62804802729945,136.261569357495,1.25300927149912,15.4052841376706,209.20320855615,0.253049618496097,147.285807265696,0.561225439796665,0
235.668408851253,193.128342245989,0.740236758069544,135.421979279467,1.28711151793546,15.3514953294867,208.390374331551,0.244101188500609,147.561842378723,0.571250387688894,0
235.819495005394,193.540106951872,0.753864218342066,135.094997424112,1.29330351271269,15.3564154347749,209.31550802139,0.223737661568024,147.641537432433,0.553794503563481,0
235.842170554303,193.582887700535,0.754480284172369,135.073167453088,1.29322485957099,15.3571537256844,208.155080213904,0.227123545364502,147.840812796581,0.570183815785497,0
237.748012919265,195.229946524064,0.633527757682043,136.045436596801,1.25770778099809,15.419079509467,209.07486631016,0.197213543289835,148.049485912244,0.552183038088878,0
236.662432489552,194.197860962567,0.709240771857843,135.626932950784,1.28470909916105,15.3838367285132,206.529411764706,0.247946062375072,146.778755828476,0.560262179771377,0
236.587040658373,194.069518716578,0.708650917438769,135.679375701052,1.28558444396919,15.3813861748014,207.352941176471,0.271182282509017,146.276191586922,0.55693059649366,0
236.68756906013,194.288770053476,0.713813557379197,135.540106479994,1.28667262040538,15.3846536867142,206.128342245989,0.260322383800791,146.70684175663,0.568870822499795,0
239.992780640082,196.598930481283,0.625605929210315,138.011783036502,1.26695525356159,15.491700379238,206.844919786096,0.273669915059969,146.394747369521,0.56157901228839,0
238.082053441924,195.032085561497,0.750006775648769,136.915282798914,1.3022291570614,15.4299077586978,205.459893048128,0.290399002542289,146.467517210602,0.581643291998734,0
238.198777818046,195.27807486631,0.755205784568753,136.766804516956,1.30307280076495,15.4336897020138,206.513368983957,0.28414003580908,146.333775134248,0.565199924892069,0
238.217556611755,195.31550802139,0.7558776523777,136.745945764178,1.30310016222139,15.4342980602214,204.96256684492,0.276882398297042,146.862761223654,0.576724964584808,0
240.880315101107,197.561497326203,0.632186348999131,138.184270823862,1.27202251768172,15.5203194265165,206.20320855615,0.204440502420461,147.848190778689,0.561137265895692,0
239.44836336166,196.395721925134,0.737525329727429,137.350362693869,1.30255738980124,15.4741191465511,205.224598930481,0.174061468506203,148.606295305894,0.558020682682994,0
239.61401671302,196.96256684492,0.75789496668257,136.823737525201,1.3165122732919,15.4794708150189,205.764705882353,0.161225684648953,148.664767703146,0.546988323942647,0
239.636511729767,197.005347593583,0.758518789033404,136.801421789057,1.31647071059077,15.4801974060335,204.572192513369,0.168638973666623,148.815245479428,0.564494921645885,0
241.621239814325,198.780748663102,0.638393163729107,137.726080230945,1.2808853694865,15.5441706055462,205.299465240642,0.14656655637485,148.957979748972,0.549789078279909,0
239.681807786818,197.16577540107,0.763799184901277,136.648750352563,1.3168447216002,15.4816603691858,204.540106951872,0.141199239133251,149.177790464031,0.560215055789194,0
239.544331243751,196.930481283422,0.762604782608718,136.747473414506,1.31821628457561,15.4772197517432,205.919786096257,0.142312978602046,148.831213427414,0.544962448265772,0
239.72749681101,197.540106951872,0.784210869500473,136.185011119991,1.33333478776517,15.4831358842778,203.828877005348,0.18673408214927,148.48298342213,0.565484431810676,0
241.896981652563,199.379679144385,0.654550288287381,137.34177685928,1.29686450737322,15.5530376985515,205.812834224599,0.115751443308049,149.855960397494,0.54986914772495,0
241.486948972536,198.941176470588,0.680121589315533,137.255596139927,1.30826821375016,15.5398503523212,203.989304812834,0.157131713327922,149.566973142103,0.572918887665909,0
241.306238076763,198.593582887701,0.675292936286946,137.44201342884,1.30823320725788,15.5340348292632,206.122994652406,0.123595171473981,149.602019909078,0.555203033455827,0
241.295600550279,198.572192513369,0.674912148176049,137.454308642988,1.30819638856228,15.5336924313017,205.224598930481,0.153836160364046,149.376492062462,0.572787380778276,0
242.010816481656,199.427807486631,0.640656148582481,137.473081928225,1.29107494017554,15.556696837107,207.534759358289,0.0940762537546265,150.90209964664,0.561395967799006,0
240.235067591172,198.128342245989,0.763054705300443,136.225124389662,1.32162774549431,15.4995183019077,206.080213903743,0.103458790901461,151.113284372793,0.57949380509467,0
240.290610594977,198.251336898396,0.766210658243119,136.143685703029,1.3224739814667,15.5013099638378,207.24064171123,0.0948812802411822,150.980739552153,0.562182849192478,0
240.307167515574,198.283422459893,0.766753130813165,136.126087554719,1.32249013646828,15.5018440037169,205.877005347594,0.0821384870308615,151.552258120826,0.571679932051499,0
241.448447792021,199.631016042781,0.71046294218225,136.176268204414,1.29985349127505,15.5386115142899,206.75935828877,0.036637091774244,152.055878437264,0.555980252957278,0
239.946674111379,198.470588235294,0.824944397363365,135.209447008724,1.33041554353963,15.4902122035619,205.716577540107,0.0149453329614895,152.680212197999,0.55954550959651,0
240.119377618762,199.016042780749,0.845548516454033,134.710700612554,1.34377359590765,15.4957858019128,206.604278074866,-0.00116091323168677,152.726030563579,0.543340165678594,0
240.116627188553,199.010695187166,0.845446611772197,134.713714339835,1.34376509513221,15.4956970539745,205.272727272727,-0.00620944256714573,153.14128501789,0.556699980156182,0
36.9975231638178,33.2250803858521,-1.25656731169987,16.2891786464454,-0.142620562630559,6.08255893221083,31.4083601286174,1.44252297016912,9.21458940235513,-0.95381062596905,1
36.9956328351685,33.2234726688103,-1.25628835006138,16.2881627833943,-0.142469109238557,6.08240354096705,31.4549839228296,1.40557102357961,9.12837761368548,-0.930809162048683,1
36.9561746186443,33.1704180064309,-1.26080862665016,16.3067384632762,-0.136758781353271,6.07915903876879,31.5225080385852,1.35390463900632,9.05033205389529,-0.907289901402496,1
36.9227489370378,33.1446945337621,-1.25782364554629,16.2832702885939,-0.136930439926116,6.0764092140867,31.5096463022508,1.36862802668589,9.08090687993083,-0.918105202607836,1
36.9145619973989,33.1382636655949,-1.25669039248506,16.2777873072844,-0.13674943687178,6.07573551081669,31.540192926045,1.34754159324952,9.016579395119,-0.89901267500334,1
36.8901646021401,33.112540192926,-1.25645694480311,16.2748198753483,-0.132523757867201,6.07372740597898,31.5578778135048,1.34793708698964,9.0204113147785,-0.902744877111108,1
36.920833007502,33.1479099678457,-1.25450435294416,16.2723594360212,-0.138083749497913,6.07625155893845,31.5434083601286,1.35054079179565,9.01567144929343,-0.900265582558625,1
36.917022624875,33.1366559485531,-1.25519844390054,16.2866524213046,-0.139017759276219,6.07593800370568,31.5659163987138,1.35771431767344,9.01678497673484,-0.905899507524661,1
36.9787024826323,33.2090032154341,-1.25300627477096,16.2792078438275,-0.143906638471664,6.08101163316041,31.5418006430868,1.36049627242267,9.00888925680365,-0.902960003358879,1
36.9822891477925,33.2266881028939,-1.25841128251077,16.2512002270736,-0.139604262875432,6.08130653295758,31.5691318327974,1.36250793948795,9.01479615119768,-0.907156828856365,1
37.0077770570047,33.2540192926045,-1.25821958790183,16.2533219669885,-0.144106334438267,6.08340176685748,31.5771704180064,1.37374575211351,9.01026394690029,-0.910287024302362,1
36.9590892275139,33.2025723472669,-1.2589579115661,16.2477039569155,-0.137936934750299,6.07939875542918,31.6382636655949,1.33417029682513,8.93108426919398,-0.889651157007796,1
36.9470813017789,33.1929260450161,-1.25724968739895,16.2400892048845,-0.137477198617116,6.07841108364504,31.6093247588424,1.29553296437172,8.96872952910174,-0.888404113730778,1
36.9141700238954,33.1639871382637,-1.25379268964371,16.2243367680109,-0.134653455829414,6.0757032534428,31.6270096463023,1.32127007467856,8.95663791285548,-0.894426353856402,1
36.8970933596711,33.1189710610933,-1.25027519678728,16.2774453548757,-0.138615048308964,6.07429776679338,31.6527331189711,1.30695756568623,8.97491497442873,-0.890949640565974,1
36.9394873201114,33.1720257234727,-1.24646005869528,16.2655397391968,-0.144862727583091,6.07778638322468,31.6479099678457,1.30692210554498,8.97391929475574,-0.889716086145812,1
36.8962872503689,33.120578778135,-1.24953313138626,16.2723378780907,-0.138422182242098,6.0742314123162,31.6639871382637,1.30595328317636,8.97812454296626,-0.892916593960341,1
36.925905649538,33.1527331189711,-1.2489932006968,16.2740465140524,-0.143545602713333,6.0766689600091,31.6414790996785,1.30255198512123,8.97474088629934,-0.888093565997393,1
36.8953503985115,33.1157556270097,-1.25207476515413,16.2800405145183,-0.13788504550879,6.07415429492135,31.6463022508039,1.30461195799819,8.97466343258303,-0.889714662597341,1
36.93261004705,33.1623794212219,-1.24813618105575,16.2695985952826,-0.144047389341652,6.07722058568307,31.5932475884244,1.27597297270186,8.99902406945839,-0.888439286528318,1
36.9211160488059,33.1527331189711,-1.24646020521428,16.2631584457249,-0.143250074810094,6.07627484967606,31.5836012861736,1.26903826835557,9.00072932571114,-0.884936990628117,1
36.910141166085,33.1302250803859,-1.25085453484438,16.2841343099045,-0.142402396543619,6.07537168954172,31.5932475884244,1.26304851518257,9.0065365098452,-0.885158037717747,1
36.8911233757232,33.1157556270097,-1.24873801010455,16.2704431346684,-0.142546782601168,6.07380633340603,31.5578778135048,1.27940639163335,9.07540574133794,-0.903242232840372,1
36.9242293599523,33.1479099678457,-1.25062983023512,16.2800764538911,-0.146942279680305,6.07653103011516,31.5305466237942,1.27726187767786,9.06950435258325,-0.8990275789049,1
36.8667104694196,33.0996784565916,-1.24878676434021,16.2477705610838,-0.145426426283455,6.07179631323545,31.5755627009646,1.21917120738167,8.98181635556955,-0.871042116754916,1
36.871594343795,33.1028938906752,-1.24840230615073,16.25230888049,-0.144716630063219,6.07219847697644,31.572347266881,1.21504301191799,8.98345628992694,-0.869774206375163,1
36.881207581488,33.1366559485531,-1.25438207816127,16.2051752257487,-0.139172623069329,6.07299000340755,31.604501607717,1.23505359096436,8.97775990654745,-0.877399513573254,1
36.8892275947897,33.1430868167203,-1.25554722949652,16.2102860564241,-0.139474845278832,6.07365026938411,31.6495176848875,1.16646038053735,8.88879180399628,-0.846883068902042,1
36.8354950794637,33.072347266881,-1.25685609776956,16.2325960001278,-0.135155932476704,6.06922524540519,31.6897106109325,1.2015020741876,8.8653475234539,-0.853596611247702,1
36.8546942565799,33.1077170418006,-1.25120536982324,16.2040025550934,-0.137145875108944,6.07080672205761,31.6832797427653,1.19207004489539,8.86947815196157,-0.851161885392844,1
36.9111865336015,33.1655948553055,-1.25042417601975,16.214243143745,-0.142852218351291,6.07545772214749,31.6816720257235,1.19071509028852,8.86987438445232,-0.850537219124057,1
36.8694141226735,33.1221864951769,-1.25031214844568,16.2079240389621,-0.137007848393542,6.07201894946594,31.7331189710611,1.20936020734559,8.81914344262001,-0.84656702087791,1
36.890774733667,33.1446945337621,-1.25053268443848,16.210520107167,-0.140795277992779,6.07377763287947,31.7057877813505,1.17080669539462,8.84771495050501,-0.842091903883809,1
36.9121012058929,33.1623794212219,-1.25340792674698,16.2229137407267,-0.142014088357026,6.07553299767954,31.7090032154341,1.17319098410156,8.84709342828559,-0.843315318914646,1
36.9183726339897,33.1752411575563,-1.25054642602543,16.2108638705552,-0.142577408156845,6.07604909739789,31.7073954983923,1.17457880026707,8.84585713058549,-0.843445979366113,1
36.9094877963521,33.1688102893891,-1.2498593864708,16.2037785557592,-0.143023233815663,6.07531791730706,31.6784565916399,1.1372865349267,8.88082587068656,-0.841337767937233,1
36.9206588271595,33.1832797427653,-1.24770107102115,16.1995957340726,-0.145523602227771,6.07623722604372,31.6623794212219,1.13834005044193,8.87660077677101,-0.83805039058564,1
36.8779380539712,33.1237942122187,-1.25147543445986,16.2240486619388,-0.140508087507073,6.07272081146262,31.6945337620579,1.12870193952267,8.89588746963726,-0.834972024811808,1
36.9169790753719,33.1688102893891,-1.24909498438559,16.220862638395,-0.146810862697199,6.07593441993673,31.6752411575563,1.11902957229108,8.89737505970281,-0.829071184376538,1
36.8565700033464,33.1012861736334,-1.25150534734007,16.2214257119192,-0.14129210092711,6.0709612091782,31.6768488745981,1.11840649648879,8.89806711752671,-0.829319270357478,1
36.884324261206,33.1318327974277,-1.25067198092089,16.2221489167133,-0.146276054396866,6.07324659973609,31.6270096463023,1.09480090759047,8.94368372898043,-0.830748254696401,1
36.9179807009453,33.1559485530547,-1.25152383391579,16.2494579614964,-0.143975980811673,6.07601684501823,31.6350482315113,1.10413157129278,8.93996400657709,-0.833838610933629,1
36.9333065380396,33.1816720257235,-1.24608830976245,16.2317392039886,-0.146569011487951,6.07727788882815,31.6350482315113,1.10413157129278,8.93996400657709,-0.833838610933629,1
36.9493004515447,33.1929260450161,-1.24664223027939,16.2451453853247,-0.14530808495132,6.07859362447801,31.6254019292605,1.10502883732476,8.93740251341652,-0.831664371334588,1
36.9454930049148,33.1848874598071,-1.24845110509855,16.2529193682407,-0.145013069537747,6.07828043157888,31.6334405144695,1.09852050593842,8.94358994063606,-0.830970647303543,1
36.9454930049148,33.1848874598071,-1.24845110509855,16.2529193682407,-0.145013069537747,6.07828043157888,31.6012861736334,1.09113524324641,8.99965279085677,-0.841654525951957,1
37.0168988957546,33.2572347266881,-1.24509552986737,16.2675319740809,-0.14889161223422,6.08415145240112,31.5787781350482,1.07296842587747,9.00613852846229,-0.834474319010642,1
36.9630257596953,33.1977491961415,-1.24711727459182,16.2665338578998,-0.142683334586898,6.0797225068004,31.5932475884244,1.07858504460274,9.00600011478046,-0.838934150553366,1
36.9882226845701,33.2282958199357,-1.2442876755231,16.2614301182414,-0.147659541291732,6.08179436388391,31.5514469453376,1.04346996284212,9.03650261691379,-0.833580865693994,1
36.9807458375432,33.2218649517685,-1.2432071800709,16.2575577686223,-0.147013186762217,6.08117964193981,31.5514469453376,1.04346996284212,9.03650261691379,-0.833580865693994,1
134.538751004391,116.049335863378,2.44365614132831,68.1324855275283,1.05191999162682,11.5990840588553,296.939278937381,0.741840202774189,146.510021568531,0.678166765063483,2
134.639803402789,116.138519924099,2.42407123364263,68.1802142285713,1.04706512458078,11.6034392919853,296.981024667932,0.743231891683426,146.486907564879,0.677895452372448,2
134.535309586802,115.984819734345,2.41747248187243,68.2356668685795,1.04959905366373,11.5989357092279,297.38330170778,0.759388158440211,146.136561563422,0.682221961526277,2
134.527918703948,115.977229601518,2.41846679392418,68.2339930497947,1.04999402339659,11.5986171030838,296.973434535104,0.764079901278138,146.170778992716,0.68856738734718,2
134.553749761768,116.039848197343,2.42954257306099,68.1783358651833,1.05203780638134,11.5997305900511,297.453510436433,0.729048580752247,146.615276095029,0.683353106583449,2
135.527446683519,116.595825426945,2.51716939216714,69.1532836279826,1.0936031707773,11.6416256031329,296.373814041746,-0.149291939806158,143.320159022356,0.509792443736067,2
135.413990291267,116.390891840607,2.49784422169699,69.2763721219162,1.09165619888594,11.6367517070387,296.671726755218,-0.146708390076276,143.220111705104,0.505941236567853,2
135.249996930977,116.22770398482,2.52171975649909,69.2298848017333,1.09945415668468,11.6297032176654,295.648956356736,-0.648196831846736,140.676597382756,0.392142249761502,2
135.239726712288,116.216318785579,2.52274714394829,69.2289327696918,1.09998960716072,11.6292616580885,295.588235294118,-0.649423285645342,140.709295332211,0.392783914267967,2
134.912382840284,115.984819734345,2.58991746358751,68.9775391689632,1.10763773020404,11.6151789844274,295.88614800759,-0.646647028581171,140.351969084899,0.399242959667009,2
134.864553600406,115.920303605313,2.58932304518051,68.9924866790479,1.10951802564038,11.6131198908995,296.108159392789,-0.652724170304685,140.411391994164,0.394604940748079,2
134.945571992487,115.996204933586,2.57489461736523,69.023388227848,1.10536654812171,11.6166075939788,295.717267552182,-0.646838406983664,140.38325374917,0.401658802179044,2
134.930954301978,115.956356736243,2.56716014256606,69.0618282009537,1.10363173904978,11.6159784048516,295.755218216319,-0.6469713048857,140.378720663475,0.400898819629187,2
134.916560059794,115.912713472486,2.55826319082939,69.1070419067562,1.1013144613834,11.6153588003038,295.438330170778,-0.634933692726468,140.041545612674,0.402109364167209,2
134.899962935503,115.893738140417,2.55965979730647,69.1064650799594,1.10216437038282,11.6146443309945,295.785578747628,-0.643272163504533,140.123226393422,0.39543978707855,2
135.521720113017,116.163187855787,2.69070077314372,69.8678269523977,1.15034603353574,11.6413796481782,296.379506641366,-0.646654801108452,139.563320180053,0.404135157892826,2
135.421255748641,115.982922201139,2.67329697442531,69.9726297155911,1.1491128869946,11.6370638800619,296.622390891841,-0.642804013817797,139.440338822203,0.401677874651866,2
135.509188020409,116.159392789374,2.69510250172023,69.8497928203445,1.15238429286728,11.6408413794025,296.423149905123,-0.6434231506699,139.487605494672,0.405113650905573,2
134.899477649874,115.648956356736,2.75899581324081,69.5151603801142,1.15419161270328,11.6146234398655,297.277039848197,-0.651518990854351,139.690774414848,0.401959133009399,2
135.326416819422,115.952561669829,2.6782822279117,69.8390846541284,1.14569574267458,11.6329883013533,296.973434535104,-0.650384964355064,139.732414213409,0.407285747033088,2
135.242827502577,115.787476280835,2.65818375260459,69.9511806587844,1.14310079325707,11.6293949757748,297.055028462998,-0.652853913746216,139.756097999653,0.405487120691972,2
135.225849453909,115.768500948767,2.65988416185084,69.949761400536,1.14397903800967,11.6286649901831,296.996204933586,-0.654115175374162,139.790051651407,0.40602973097292,2
135.109548636754,115.648956356736,2.67610711290736,69.9227174815982,1.14983247472779,11.6236633053764,297.3055028463,-0.658859082034059,140.218012042747,0.409085582274252,2
135.39081108685,115.836812144213,2.61574888681413,70.1558553616823,1.1440499025532,11.6357557161901,296.863377609108,-0.66096686332927,140.683476692985,0.401877806926936,2
135.37287040521,115.760910815939,2.59948901548842,70.2466306346336,1.13814700763592,11.6349847617094,297.53320683112,-0.65198562621059,141.50302075858,0.40930443564708,2
135.352179604612,115.738140417457,2.60171541293171,70.2442758905998,1.13922214620004,11.6340955645298,296.897533206831,-0.640666402904606,141.348626974285,0.41703709922866,2
135.352179604612,115.738140417457,2.60171541293171,70.2442758905998,1.13922214620004,11.6340955645298,296.453510436433,-0.625015762304081,140.982043263759,0.421154695166567,2
135.620459070179,115.910815939279,2.54632761051762,70.477065389465,1.13496389246551,11.6456197374884,296.472485768501,-0.624560419502929,140.960942673489,0.421438706521177,2
135.712100394727,116.070208728653,2.56003961092309,70.3909290609437,1.13512038783502,11.6495536564594,296.288425047438,-0.626294151645375,141.026183148543,0.424125425099775,2
135.717532311968,116.075901328273,2.55933069615466,70.3920169701858,1.13483381119609,11.6497867925541,296.981024667932,-0.63725406970118,141.173058119714,0.416969045957022,2
136.067596773959,116.489563567362,2.53401460010582,70.3844641921714,1.13169013517857,11.6648016174283,296.421252371917,-0.622355710678621,140.887534914364,0.423992591217487,2
136.019476225699,116.432637571158,2.53731363513429,70.3856481470706,1.13402372566709,11.6627387960847,296.628083491461,-0.618744450098717,140.777141683103,0.422051779919715,2
136.012277601855,116.42504743833,2.53822826236749,70.3842899287299,1.13440276919188,11.6624301756476,296.700189753321,-0.616846696090446,140.723420387622,0.421858211383066,2
136.021233971324,116.436432637571,2.5379730233179,70.3827615173536,1.13399995099451,11.6628141531675,296.777988614801,-0.620865831684208,140.79361580775,0.420928404712464,2
135.85810630006,116.335863377609,2.5717688382515,70.2335532373688,1.13588041089582,11.6558185598464,296.833017077799,-0.619373018250844,140.739054883131,0.421400240992715,2
135.747058005379,116.174573055028,2.56703254682266,70.2858901091751,1.13866553876025,11.6510539439734,296.643263757116,-0.61403659818464,140.690062869017,0.425451680603644,2
135.807319697767,116.258064516129,2.56828862166348,70.2642067583479,1.13650789471713,11.6536397617983,296.861480075901,-0.619516566563467,140.736282841602,0.420846130507673,2
135.700886328294,116.074003795066,2.55324227016963,70.3629930204142,1.13607028317299,11.6490723376711,297.593927893738,-0.630961827165325,141.005980380207,0.414733571752639,2
135.700886328294,116.074003795066,2.55324227016963,70.3629930204142,1.13607028317299,11.6490723376711,297.022770398482,-0.631936801392653,141.276847959942,0.41714844576687,2
135.399037776271,115.855787476281,2.61653969311171,70.1403676809484,1.14446150848444,11.6361092198497,296.969639468691,-0.633382206787196,141.328080907198,0.416772424326212,2
135.423427603325,115.967741935484,2.64019732686091,70.0020430393451,1.15406403690627,11.6371571959532,297.123339658444,-0.639696525435091,141.407004890746,0.413760800487589,2
135.448289354957,115.992409867173,2.6362754530481,70.0092874018047,1.1527419805741,11.6382253524735,297.14990512334,-0.639193703107581,141.393238268093,0.413469126865309,2
135.429515616758,115.954459203036,2.63099376527933,70.0358803618723,1.15224770094582,11.637418769502,296.717267552182,-0.624035861232423,141.129143409559,0.419581263357569,2
135.540236084061,116.138519924099,2.64441768928472,69.944857259993,1.15203988593464,11.6421748863372,296.127134724858,-0.611888974449863,140.965333507569,0.427554762153392,2
135.449066867845,116.00569259962,2.63993047902761,69.9887413939222,1.15447309486989,11.6382587558382,296.814041745731,-0.622178620848127,141.065525427198,0.420382402467393,2
135.407032742502,115.948766603416,2.63956958427345,70.0017601177178,1.15610568874407,11.6364527559949,297.265654648956,-0.627056773052941,141.654353654976,0.424060835660735,2
135.104977105618,115.666034155598,2.68733418773034,69.8855558493417,1.16738869138773,11.6234666561064,297.546489563567,-0.621682618233872,141.468698999421,0.422912001316324,2
135.223856848932,115.88614800759,2.70842300794394,69.7504401076437,1.17045049507599,11.6285793134386,297.294117647059,-0.626402913896181,141.622183954866,0.424516443095417,2
135.151766544134,115.795066413662,2.71085286602208,69.7620053471954,1.1735703151555,11.6254791963228,297.705882352941,-0.627015059617669,141.534766529057,0.418669795489324,2
135.257930561894,116.028462998102,2.74049995725673,69.5793795807512,1.1815358976964,11.6300443061019,296.912713472486,-0.631127352704751,140.810351552079,0.415566714042267,2
275.459831004649,222.407514450867,0.417474017297882,162.756184151636,1.19872819489432,16.5969825873455,184.895953757225,-0.569770285174739,140.233059162707,0.389113691981827,4
276.647085339046,223.5,0.362436628074576,163.274025020445,1.18081385209287,16.6327113045061,185.595375722543,-0.5858419071449,140.416784914769,0.377386165013041,4
276.825673948833,223.78901734104,0.361317615996205,163.180540171387,1.17824269751037,16.6380790342164,185.554913294798,-0.586587616604507,140.468093820578,0.37645010799202,4
276.137003150013,223.008670520231,0.390497447200425,163.08170775064,1.19124737186865,16.6173705245449,186.222543352601,-0.595664380465585,140.509134925707,0.365127654994147,4
276.22209795533,223.346820809249,0.399204523014364,162.761819237368,1.19788105518863,16.6199307446009,185.901734104046,-0.593986085760055,140.535607525251,0.37137414638277,4
274.87985814931,222.242774566474,0.461552468203718,161.996704269002,1.21613981561479,16.5795011429569,186.861271676301,-0.596475300365056,141.617584074005,0.377686639234744,4
275.181154205839,222.656069364162,0.453650774958185,161.940533657627,1.21037652073245,16.5885850573772,185.942196531792,-0.591915609520302,141.789319561905,0.386902827845008,4
274.643078939282,221.994219653179,0.473903888939607,161.935718042947,1.22071109970401,16.5723588827687,185.832369942197,-0.586660387546394,141.668773496252,0.387408182624826,4
274.633760328439,221.973988439306,0.473591459946449,161.94768135219,1.22068497431378,16.572077731185,185.326589595376,-0.590704378258316,141.847970211995,0.393938928986656,4
275.877941721196,223.28612716763,0.423281296146,162.25916533288,1.20667836402152,16.6095737970965,185.404624277457,-0.594694494805311,141.912581303341,0.392883589380301,4
276.073234189478,223.650289017341,0.425241750856285,162.089210406958,1.2055295189405,16.6154516697404,185.121387283237,-0.601430303856631,142.105134602479,0.394274877286869,4
276.062765126008,223.627167630058,0.424867470865816,162.103321002595,1.20548400401148,16.6151366267632,185.867052023121,-0.602101544797061,141.928762335021,0.38518342149232,4
275.664252936105,223.109826589595,0.437648240245741,162.138103833591,1.21327273603982,16.60313985173,185.864161849711,-0.602143445218179,141.932547927456,0.385109126444466,4
277.198526549813,224.491329479769,0.379559355944106,162.847510017215,1.19713350919267,16.649280061006,186.054913294798,-0.606145289010107,141.962252143873,0.381001921377801,4
276.102901358766,223.482658959538,0.433289575401328,162.371522418864,1.21504844165399,16.6163444041933,186.104046242775,-0.605311434807938,141.940181872355,0.380350063953113,4
276.115985723852,223.511560693642,0.433750261801347,162.353938403841,1.21510598478885,16.6167381192535,186.179190751445,-0.609038812403423,141.99796783781,0.379238213159941,4
276.103529422457,223.482658959538,0.433230030878061,162.372593496275,1.21499962465614,16.6163633031556,186.130057803468,-0.609933614399498,142.059603202408,0.378152450788575,4
277.390711698168,224.583815028902,0.373098599837781,163.047695248026,1.1965958592768,16.6550506363135,185.115606936416,-0.692652714552172,140.374647528537,0.342119445315703,4
277.137202305526,224.034682080925,0.36785747370765,163.372674207545,1.1948865261097,16.6474383106088,185.277456647399,-0.688152771839598,140.234434814405,0.342319366431144,4
277.179956569193,224.179190751445,0.371608709088316,163.246562785782,1.19703834161703,16.6487223704761,184.994219653179,-0.678309071713402,139.889935911735,0.341708075173507,4
277.181306870815,224.182080924855,0.371648803448668,163.244881659797,1.19704007770253,16.6487629231368,185.393063583815,-0.677795752717593,139.815017991969,0.334682177740016,4
277.28935659927,224.236994219653,0.37140056874864,163.353236585086,1.19756976100588,16.6520075846509,185.473988439306,-0.681702013081066,139.884986565268,0.33374374101703,4
277.298403573258,224.248554913295,0.371103502367302,163.352722519178,1.19736887482489,16.6522792305816,185.395953757225,-0.683923863656302,139.960457711137,0.33331164245077,4
277.300884143597,224.254335260116,0.371204032125618,163.348987287396,1.19738896728548,16.652353711821,185.367052023121,-0.682528993103178,139.936097055443,0.33366645641219,4
277.29554776312,224.242774566474,0.371037831685856,163.355818685367,1.19737732578655,16.6521934820347,185.421965317919,-0.681613360620514,139.866855870856,0.334854816218911,4
277.221411479451,224.202312138728,0.3728172072511,163.285309457078,1.19741834488797,16.6499673116631,185.78612716763,-0.694705945729033,140.047943896351,0.328207737711724,4
277.366053700998,224.465317919075,0.373914210115951,163.169229159151,1.19619685663913,16.6543103640168,185.50289017341,-0.701953248890426,140.268133469384,0.328824040274582,4
277.364745979259,224.462427745665,0.37386958209344,163.170987151522,1.19619177611285,16.6542711032113,185.534682080925,-0.703413925751234,140.291085421488,0.328336077025436,4
277.350933768804,224.43063583815,0.373326691721594,163.191297324622,1.19609205272265,16.6538564233274,185.482658959538,-0.704322251291079,140.355598040531,0.327288367171399,4
277.747286059279,224.647398843931,0.364134570517339,163.567802567292,1.19589870001386,16.6657518900072,186.179190751445,-0.705464631660465,140.234450585216,0.317335891046043,4
277.870645041398,224.916184971098,0.367754738457947,163.407400266711,1.19636755617898,16.6694524517573,186.248554913295,-0.703831629043449,140.19366133697,0.316642375282782,4
277.814499178422,224.670520231214,0.361141665799924,163.650408938736,1.19105382087086,16.6677682722799,186.433526011561,-0.711745187124405,140.390232236902,0.315881339695846,4
277.889064862118,224.904624277457,0.366773284088404,163.454765737565,1.19411610636627,16.6700049448738,185.901734104046,-0.708721075185518,140.425055146602,0.325339900131127,4
277.859546795975,224.887283236994,0.36796313588844,163.428365764227,1.19427685733493,16.6691195567125,186.442196531792,-0.719072952260788,140.530499489454,0.31521050897809,4
277.933845624013,224.99710982659,0.366762613144163,163.40346613596,1.19291594682059,16.6713480445947,186.104046242775,-0.725527458073607,140.715647640292,0.31860565893989,4
277.940110819421,225.011560693642,0.367010823379617,163.394197063662,1.19296227906602,16.6715359466194,186.164739884393,-0.728316625041311,140.763380549933,0.31778773670875,4
277.941405435555,225.014450867052,0.367056702085454,163.392413991554,1.19296836112954,16.6715747737145,186.219653179191,-0.727410924424459,140.695017127534,0.31889280881131,4
278.081890047256,225.092485549133,0.36312837476457,163.524292752425,1.19273475579126,16.6757875390416,186.528901734104,-0.738585437972041,140.853919712944,0.313278753152309,4
278.235563689716,225.387283236994,0.365257703014821,163.379154507759,1.19197844092885,16.6803945903482,186.375722543353,-0.74273202661932,140.975968309428,0.313624219104067,4
278.250022721488,225.421965317919,0.365906166410495,163.35586114737,1.19213769246628,16.6808279986782,186.436416184971,-0.745411103290501,141.019179507109,0.312699076244348,4
278.234691137897,225.387283236994,0.365334313057732,163.377664235808,1.19204658229291,16.6803684353163,186.222543352601,-0.751009939688996,141.212717169256,0.312144475281874,4
278.303484490886,225.424855491329,0.363704532130417,163.443174065269,1.19201645936366,16.6824304131888,185.875722543353,-0.75020802294971,141.252242830154,0.318716657528623,4
278.511786157968,225.763005780347,0.362422521741477,163.330895277343,1.18920313612748,16.6886723905159,185.673410404624,-0.755433430390684,141.439966220893,0.317968648103884,4
278.448182205254,225.465317919075,0.35456753013829,163.634251790034,1.18222715795533,16.6867666791759,185.306358381503,-0.746426749599274,141.338400845831,0.325339867252589,4
278.36377828946,225.173410404624,0.347365298546749,163.89313941107,1.17761624517862,16.6842374200759,185.910404624277,-0.752708576311329,141.355079908957,0.314743241073587,4
278.689314657104,225.352601156069,0.339434875090316,164.200681234434,1.17738994523281,16.6939903754945,185.557803468208,-0.751524666897813,141.389433874647,0.321467275634765,4
278.518443054293,224.950867052023,0.333550312137824,164.462163965022,1.17557679623427,16.6888718328799,185.768786127168,-0.749066863172588,141.314342819964,0.318159014156004,4
278.520746728824,224.956647398844,0.333663433756784,164.458147177558,1.17560818446963,16.6889408510194,185.791907514451,-0.750124313139564,141.333576196206,0.317876913204519,4
278.522038646066,224.959537572254,0.333708121141146,164.45637660888,1.17561311451817,16.6889795567634,186.164739884393,-0.742517775718664,141.099303193943,0.315196295108,4
278.357128077305,224.869942196532,0.337257325814726,164.299171691605,1.17559184469178,16.684038122628,186.190751445087,-0.743709690402647,141.123025888603,0.314943074975237,4
25.8538228321995,22.2558139534884,-1.03240805613948,13.1669163974998,-0.0715090131421469,5.08466545922143,20.6480620155039,0.735792830503225,11.4821702234215,0.339607745740342,5
25.8610179239336,22.262015503876,-1.03404422687612,13.1705675644106,-0.0723628443007431,5.08537293853004,20.6418604651163,0.737471788600417,11.481437203591,0.341255517332605,5
25.8407466232404,22.2217054263566,-1.03918890277242,13.1988668888324,-0.0702208712319929,5.0833794490713,20.6728682170543,0.741138417116689,11.4742471027175,0.336272121510726,5
25.8384966082925,22.2201550387597,-1.03888568640941,13.1970692436574,-0.0703704939387176,5.0831581333156,20.6883720930233,0.751768075532502,11.4530070633441,0.341963578179764,5
25.8003365160435,22.1720930232558,-1.0409234671555,13.2032544497888,-0.0645568566616453,5.07940316533778,20.7333333333333,0.762224718649438,11.4285610765999,0.342167291669689,5
25.7778524012107,22.137984496124,-1.04604385905682,13.2165856287844,-0.0595937360778051,5.07718941947321,20.737984496124,0.761794134125665,11.4284650194863,0.340961567807263,5
25.8006970640765,22.153488372093,-1.04785583195404,13.2351994362273,-0.0576326654866752,5.07943865639468,20.737984496124,0.761794134125665,11.4284650194863,0.340961567807263,5
25.854722328168,22.2093023255814,-1.04705114031047,13.2470988377865,-0.0617451379085402,5.08475391028592,20.7085271317829,0.745244011301864,11.4522505247636,0.339757210601375,5
25.8532831195965,22.2,-1.04727297662624,13.2598961051924,-0.0634745117638259,5.08461238636698,20.6976744186047,0.752073155453839,11.4476967842452,0.342420879924078,5
25.8665028365306,22.2325581395349,-1.04192169765201,13.2310520958756,-0.0639391396123959,5.08591219315971,20.706976744186,0.747590077822767,11.4503802999478,0.340000172173195,5
25.9144089098572,22.2821705426357,-1.04232835267144,13.2413481046778,-0.0690637545931932,5.09061969801882,20.6604651162791,0.738752198407616,11.4734802144134,0.340160847787569,5
25.8971729324163,22.2635658914729,-1.04143172698566,13.2389174206067,-0.0652430935720028,5.0889265009839,20.6945736434109,0.718319640084973,11.4922895436957,0.335023791801691,5
25.9232319259843,22.2837209302326,-1.04617597890048,13.2560240067896,-0.0659043075697842,5.09148621975787,20.7038759689922,0.725871701599119,11.4828010946102,0.336004868303318,5
25.8886704141784,22.2325581395349,-1.04867912411613,13.2744042384867,-0.0615330991386801,5.0880910383147,20.753488372093,0.729497286453054,11.4666546434863,0.334237232756649,5
25.8575105668194,22.1922480620155,-1.05134002008786,13.2811313196925,-0.0554998107047768,5.08502807925575,20.8062015503876,0.731963185398384,11.4492381689244,0.333603929507423,5
25.8575105668194,22.1922480620155,-1.05134002008786,13.2811313196925,-0.0554998107047768,5.08502807925575,20.7968992248062,0.727438214129084,11.4539581836205,0.334946635152877,5
25.8451260905351,22.1813953488372,-1.04867573486346,13.2751447070862,-0.0539223597386403,5.08381019418852,20.8124031007752,0.731808503915672,11.4487991162269,0.332040664823646,5
25.8451260905351,22.1813953488372,-1.04867573486346,13.2751447070862,-0.0539223597386403,5.08381019418852,20.8124031007752,0.731808503915671,11.4487991162269,0.332040664823646,5
25.8700689043589,22.2217054263566,-1.04359286188765,13.2562709948722,-0.0583632202332783,5.08626276399076,20.8031007751938,0.736149191576698,11.446201043166,0.334461326683889,5
25.865753600124,22.2093023255814,-1.04705583072518,13.2686493732223,-0.0582696829508376,5.08583853461,20.7906976744186,0.747271431917206,11.4372948975974,0.336691259494508,5
25.8645248054329,22.2077519379845,-1.04719962712191,13.2688493161387,-0.0579222411850821,5.08571772765977,20.7953488372093,0.746879956364678,11.4371755492461,0.33548864248861,5
25.895556471357,22.2294573643411,-1.04997902309059,13.2930444796287,-0.0559751423838261,5.08876767708617,20.7984496124031,0.749512916602723,11.4339718330194,0.335826430426728,5
25.874503328192,22.2,-1.05382153862251,13.3012865393722,-0.0508779582606252,5.08669866693438,20.8434108527132,0.753660585527246,11.4208853373279,0.332510481080079,5
25.8887303008307,22.2077519379845,-1.0461519706155,13.3160437277552,-0.0461170956437844,5.08809692329368,20.8496124031008,0.756506905818385,11.4106311714788,0.336249514019586,5
25.9290923377076,22.2372093023256,-1.04971666573784,13.3454290553718,-0.0447345183332219,5.09206169814424,20.8759689922481,0.773429590937645,11.3866325081129,0.338473633550488,5
25.9271489806258,22.2294573643411,-1.05125605784385,13.3545791056919,-0.0453441147271254,5.09187087234406,20.8821705426357,0.769843687041072,11.3888801712337,0.336869957609099,5
25.972585427686,22.2899224806202,-1.0512709596333,13.3420588715486,-0.0488047333905899,5.09633058461537,20.8496124031008,0.769742656590662,11.3927903269298,0.342543679273311,5
26.0112378814241,22.3457364341085,-1.05031938332203,13.3239557277399,-0.0526119445513782,5.10012135948,20.8108527131783,0.757391413136693,11.4143396268234,0.343560681927183,5
26.0028919083416,22.3302325581395,-1.05468329755307,13.3336694069062,-0.0505397223554807,5.09930308065148,20.8232558139535,0.752911309091101,11.4167151051935,0.340338330201114,5
25.972824199521,22.293023255814,-1.05644940986178,13.3373348514199,-0.0444691108828369,5.09635401041971,20.8573643410853,0.732606522198736,11.4351314890975,0.335124752915951,5
26.0045613172444,22.3364341085271,-1.05330691831135,13.326524815652,-0.0501559555145545,5.09946676793216,20.8325581395349,0.74080251192346,11.4304483508593,0.340757636166673,5
25.992246906045,22.3255813953488,-1.05067791483958,13.3206762592829,-0.0485408647881525,5.09825920349731,20.8635658914729,0.758550423115338,11.4009366645855,0.344725523711116,5
25.9616891269729,22.2759689922481,-1.05336034533019,13.3441590217982,-0.0449923465950214,5.0952614385302,20.9038759689923,0.750329343479856,11.4048889150538,0.338464117067615,5
25.983327988026,22.3147286821705,-1.04786872674321,13.3214620463389,-0.0484094207066018,5.09738442615681,20.8976744186047,0.750428903477336,11.4053794728048,0.340025901578264,5
25.979508919934,22.3116279069767,-1.04695250729362,13.3192035969725,-0.0481065704344984,5.09700980182832,20.922480620155,0.764302990628967,11.3881356502512,0.339260606078993,5
25.9668243917551,22.2852713178295,-1.05315655731946,13.3386091444795,-0.0459836278348621,5.09576533915712,20.9348837209302,0.756153408996363,11.3936661818111,0.336283062483085,5
26.0076613637675,22.3426356589147,-1.05264739204534,13.3221711667172,-0.0497138108978474,5.09977071678399,20.9255813953488,0.760444046506454,11.3911557107689,0.338722666715382,5
25.9894134678546,22.3147286821705,-1.05749982994397,13.3333462130999,-0.0452713280267222,5.09798131301544,20.9457364341085,0.745431089098942,11.4027824853711,0.334723341821454,5
25.9985986503686,22.3364341085271,-1.05195767527188,13.3148678046753,-0.046362960755202,5.0988820981043,20.9333333333333,0.749724390846124,11.4005375631493,0.337947010843619,5
26.0512910897303,22.3813953488372,-1.05451867211849,13.3423726521135,-0.048411513741689,5.10404654070966,20.9054263565891,0.735103775485753,11.4199367327924,0.338497011946251,5
26.055694671342,22.384496124031,-1.05522602768119,13.3457745052426,-0.0482324923748148,5.10447790389399,20.9271317829457,0.742960689919666,11.4105742062825,0.335394510804513,5
26.0443866796548,22.368992248062,-1.05749017603149,13.3497028048061,-0.0450908855378941,5.10337012959621,20.968992248062,0.719856668228427,11.4566005172316,0.338716040594003,5
26.0995708182956,22.4186046511628,-1.05871861821278,13.374269396902,-0.0479166936415407,5.10877390557613,20.9178294573643,0.740246276320824,11.4227519609845,0.33996186947213,5
26.1128736553953,22.431007751938,-1.0611323176198,13.3794467760273,-0.0500761736717842,5.11007569957582,20.9472868217054,0.737958078224936,11.4216346792062,0.334117158105521,5
26.1149219276417,22.4356589147287,-1.05963021543592,13.3756395240942,-0.050460229413612,5.11027611070495,20.9441860465116,0.739045155902566,11.4210761027241,0.33495284493158,5
26.1441146088784,22.4542635658915,-1.05794532785374,13.4014635322491,-0.0460477367534458,5.11313158532796,20.9302325581395,0.728059133346377,11.4375064379113,0.331916269173034,5
26.1854448001145,22.5023255813954,-1.05725550468214,13.4015414956284,-0.0520055937282528,5.11717156250546,20.9178294573643,0.736088790430863,11.4319920611588,0.334879432820005,5
26.1869545603777,22.506976744186,-1.05596710654944,13.3966725847363,-0.0519598062507276,5.11731907939868,20.9395348837209,0.744161105591537,11.4757807255799,0.349096825776471,5
26.2039999313674,22.5193798449612,-1.05890590643536,13.409172705961,-0.0516929242481733,5.11898426754443,20.9488372093023,0.751605283906127,11.4668920954655,0.349749493811045,5
26.1819809034956,22.5007751937985,-1.05446467097528,13.39736981768,-0.049612776314734,5.11683309318328,20.9937984496124,0.760558139351297,11.4453857903957,0.348927480383235,5